refineReduction, roiReduction, segmentReduction
92.1566, 32.3948, 0.213042
92.1566, 32.3948, 0.213042
92.1566, 32.3948, 0.213042
92.1566, 32.3948, 0.213042
92.1566, 32.3948, 0.213042
92.1566, 32.3948, 0.213042
92.1566, 32.3948, 0.213042
92.1566, 32.3948, 0.213042
