rawSize, refinedSize, refineTime, roiSize, roiTime, contextSize, contextTime, totalRuntime
59033, 59033, 8.415000, 24041, 11.576000, 20057, 13.228000, 13.229000
60118, 60118, 7.683000, 24567, 11.460000, 20689, 13.474000, 13.474000
60820, 60820, 8.886000, 15470, 11.817000, 13391, 12.961000, 12.961000
59505, 59505, 8.747000, 22793, 11.941000, 19507, 13.535000, 13.535000
58464, 58464, 6.848000, 20876, 9.718000, 17771, 11.240000, 11.241000
