rawSize, refinedSize, refineTime, roiSize, roiTime, contextSize, contextTime, totalRuntime 
64424, 59371, 29.817000, 20870, 116.412000, 13725, 155.463000, 155.466000
64424, 59371, 29.029000, 20870, 113.636000, 13725, 152.463000, 152.467000
64424, 59371, 29.205000, 20870, 116.074000, 13725, 155.394000, 155.397000
64424, 59371, 30.593000, 20870, 118.993000, 13725, 158.845000, 158.855000
64424, 59371, 29.508000, 20870, 113.739000, 13725, 152.752000, 152.757000
64424, 59371, 4.715000, 20870, 8.113000, 13725, 16.111000, 16.118000
64424, 59371, 4.760000, 20870, 8.202000, 13725, 16.050000, 16.056000
64424, 59371, 4.753000, 20870, 8.077000, 13725, 15.839000, 15.846000
