rawSize, refinedSize, refineTime, roiSize, roiTime, contextSize, contextTime, totalRuntime 
64424, 59371, 29.817000, 20870, 116.412000, 13725, 155.463000, 155.466000
64424, 59371, 29.029000, 20870, 113.636000, 13725, 152.463000, 152.467000
64424, 59371, 29.205000, 20870, 116.074000, 13725, 155.394000, 155.397000
64424, 59371, 30.593000, 20870, 118.993000, 13725, 158.845000, 158.855000
